condition,metric,auc,ci_low,ci_high
regional_corpus,E Score,0.9849537037037037,0.9594907407407407,1.0
regional_corpus,V Score,0.9849537037037037,0.9606481481481481,1.0
regional_corpus,T Score,0.8140432098765432,0.7206597222222222,0.8973958333333331
source_ablation,E Score,0.5115740740740741,0.4710648148148148,0.5543981481481481
source_ablation,V Score,0.5115740740740741,0.4699074074074074,0.5536265432098766
source_ablation,T Score,0.4783950617283951,0.4074074074074074,0.5424382716049383
oracle_passage,E Score,0.9560185185185185,0.9189814814814815,0.9868827160493827
oracle_passage,V Score,0.9560185185185185,0.9197530864197531,0.9868827160493827
oracle_passage,T Score,0.8117283950617284,0.7353395061728395,0.8858024691358025
