comparison,metric,n,mean_difference,ci_low,ci_high,p,p_holm
supported: regional minus ablation,E Score,36,0.5527,0.5002912500000001,0.6033660416666666,1.6795621714783797e-07,2.347282651051483e-06
supported: regional minus ablation,V Score,36,0.3680027777777778,0.30709500000000006,0.4320589583333333,1.6795621714783797e-07,2.347282651051483e-06
supported: regional minus ablation,T Score,36,19.201111111111114,15.663868055555554,23.210680555555555,2.9103830456733704e-11,4.3655745685100555e-10
refuted: regional minus ablation,E Score,36,0.1930694444444444,0.14294694444444445,0.24598972222222223,3.651044914906338e-07,2.347282651051483e-06
refuted: regional minus ablation,V Score,36,0.17150833333333335,0.11275854166666667,0.23490625,3.651044914906338e-07,2.347282651051483e-06
refuted: regional minus ablation,T Score,36,9.571388888888889,6.251291666666667,13.179756944444444,3.6528331903032994e-07,2.347282651051483e-06
regional_corpus: supported minus refuted,E Score,36,0.3838222222222222,0.3465610416666667,0.4152947916666666,2.450824335190162e-07,2.347282651051483e-06
regional_corpus: supported minus refuted,V Score,36,0.19192777777777778,0.1732664583333333,0.20761416666666666,2.450824335190162e-07,2.347282651051483e-06
regional_corpus: supported minus refuted,T Score,36,9.2825,6.649375,11.909270833333332,2.20548827201128e-07,2.347282651051483e-06
source_ablation: supported minus refuted,E Score,36,0.024191666666666663,-0.003620138888888888,0.05963374999999999,0.2626182904425206,0.7878548713275618
source_ablation: supported minus refuted,V Score,36,-0.004566666666666665,-0.046125208333333334,0.03517791666666668,0.8886378608950078,1.0
source_ablation: supported minus refuted,T Score,36,-0.3472222222222228,-2.236694444444445,1.6742222222222207,0.6815683923045903,1.0
oracle_passage: supported minus refuted,E Score,36,0.3407249999999999,0.30540527777777776,0.37510972222222216,1.6766304650367733e-07,2.347282651051483e-06
oracle_passage: supported minus refuted,V Score,36,0.22035555555555558,0.1845439583333333,0.2594251388888889,1.677362978305324e-07,2.347282651051483e-06
oracle_passage: supported minus refuted,T Score,36,10.890833333333333,7.598562499999999,14.18709722222222,2.5279587134718895e-07,2.347282651051483e-06
