run_id,stimulus_id,pair_id,condition,truth_label,country,domain,claim,E,V,T,L,C,S,n_passages,evidence_state,E_availability,V_availability,status,error
C031-B-regional_corpus,C031-B,C031,regional_corpus,refuted,Saint Lucia,Disaster,The World Bank reports US$436 million in losses and damage from Saint Lucia’s 2010 Hurricane Tomas.,0.4016,0.7008,79.16,1.0,0.9992,,5,passages_retrieved,computed,computed,scored,
C031-B-source_ablation,C031-B,C031,source_ablation,refuted,Saint Lucia,Disaster,The World Bank reports US$436 million in losses and damage from Saint Lucia’s 2010 Hurricane Tomas.,0.4016,0.7008,79.16,1.0,0.9992,,5,passages_retrieved,computed,computed,scored,
C031-B-oracle_passage,C031-B,C031,oracle_passage,refuted,Saint Lucia,Disaster,The World Bank reports US$436 million in losses and damage from Saint Lucia’s 2010 Hurricane Tomas.,0.2032,0.6016,69.55,1.0,0.9016,,1,passages_retrieved,computed,computed,scored,
C032-B-regional_corpus,C032-B,C032,regional_corpus,refuted,Saint Lucia,Disaster,The World Bank project document’s overview gives Hurricane Tomas’s total impact as 34.4% of Saint Lucia’s GDP.,0.3021,0.651,68.26,0.75,0.951,,5,passages_retrieved,computed,computed,scored,
C032-B-source_ablation,C032-B,C032,source_ablation,refuted,Saint Lucia,Disaster,The World Bank project document’s overview gives Hurricane Tomas’s total impact as 34.4% of Saint Lucia’s GDP.,0.2602,0.6301,66.18,0.75,0.9301,,5,passages_retrieved,computed,computed,scored,
C032-B-oracle_passage,C032-B,C032,oracle_passage,refuted,Saint Lucia,Disaster,The World Bank project document’s overview gives Hurricane Tomas’s total impact as 34.4% of Saint Lucia’s GDP.,0.2602,0.6301,66.18,0.75,0.9301,,1,passages_retrieved,computed,computed,scored,
C018-A-regional_corpus,C018-A,C018,regional_corpus,supported,Grenada,Climate,Grenada’s second NDC uses 2010 emissions levels as the reference for its 2030 target.,0.8269,0.9134,88.06,1.0,0.7366,,5,passages_retrieved,computed,computed,scored,
C018-A-source_ablation,C018-A,C018,source_ablation,supported,Grenada,Climate,Grenada’s second NDC uses 2010 emissions levels as the reference for its 2030 target.,0.6423,0.8212,83.71,1.0,0.8288,,5,passages_retrieved,computed,computed,scored,
C018-A-oracle_passage,C018-A,C018,oracle_passage,supported,Grenada,Climate,Grenada’s second NDC uses 2010 emissions levels as the reference for its 2030 target.,0.7,0.85,85.08,1.0,0.8,,1,passages_retrieved,computed,computed,scored,
C028-A-regional_corpus,C028-A,C028,regional_corpus,supported,Saint Lucia,Climate,Saint Lucia’s third NDC sets 46% renewable-energy penetration for 2035.,0.7297,0.8648,71.35,0.85,0.3352,,5,passages_retrieved,computed,computed,scored,
C028-A-source_ablation,C028-A,C028,source_ablation,supported,Saint Lucia,Climate,Saint Lucia’s third NDC sets 46% renewable-energy penetration for 2035.,0.0725,0.2363,54.94,0.85,0.9637,,5,passages_retrieved,computed,computed,scored,
C028-A-oracle_passage,C028-A,C028,oracle_passage,supported,Saint Lucia,Climate,Saint Lucia’s third NDC sets 46% renewable-energy penetration for 2035.,0.6703,0.8352,69.89,0.85,0.3648,,1,passages_retrieved,computed,computed,scored,
C031-A-regional_corpus,C031-A,C031,regional_corpus,supported,Saint Lucia,Disaster,The World Bank reports US$336 million in losses and damage from Saint Lucia’s 2010 Hurricane Tomas.,0.7581,0.879,80.52,1.0,0.521,,5,passages_retrieved,computed,computed,scored,
C031-A-source_ablation,C031-A,C031,source_ablation,supported,Saint Lucia,Disaster,The World Bank reports US$336 million in losses and damage from Saint Lucia’s 2010 Hurricane Tomas.,0.4016,0.7008,71.89,1.0,0.6992,,5,passages_retrieved,computed,computed,scored,
C031-A-oracle_passage,C031-A,C031,oracle_passage,supported,Saint Lucia,Disaster,The World Bank reports US$336 million in losses and damage from Saint Lucia’s 2010 Hurricane Tomas.,0.4032,0.7016,71.92,1.0,0.6984,,1,passages_retrieved,computed,computed,scored,
C037-B-regional_corpus,C037-B,C037,regional_corpus,refuted,Trinidad and Tobago,Environment,The Trinidad biodiversity portal identifies a 423-hectare wildlife sanctuary within Caroni Swamp.,0.4471,0.7235,78.26,0.95,0.9435,,5,passages_retrieved,computed,computed,scored,
C037-B-source_ablation,C037-B,C037,source_ablation,refuted,Trinidad and Tobago,Environment,The Trinidad biodiversity portal identifies a 423-hectare wildlife sanctuary within Caroni Swamp.,0.0,0.2,40.79,0.95,0.42,,0,empty_retrieval,degenerate,degenerate,scored,
C037-B-oracle_passage,C037-B,C037,oracle_passage,refuted,Trinidad and Tobago,Environment,The Trinidad biodiversity portal identifies a 423-hectare wildlife sanctuary within Caroni Swamp.,0.1294,0.2647,47.45,0.95,0.4847,,1,passages_retrieved,computed,computed,scored,
C032-A-regional_corpus,C032-A,C032,regional_corpus,supported,Saint Lucia,Disaster,The World Bank project document’s overview gives Hurricane Tomas’s total impact as 43.4% of Saint Lucia’s GDP.,0.744,0.872,64.28,0.6,0.278,,5,passages_retrieved,computed,computed,scored,
C032-A-source_ablation,C032-A,C032,source_ablation,supported,Saint Lucia,Disaster,The World Bank project document’s overview gives Hurricane Tomas’s total impact as 43.4% of Saint Lucia’s GDP.,0.6224,0.8112,61.24,0.6,0.3388,,5,passages_retrieved,computed,computed,scored,
C032-A-oracle_passage,C032-A,C032,oracle_passage,supported,Saint Lucia,Disaster,The World Bank project document’s overview gives Hurricane Tomas’s total impact as 43.4% of Saint Lucia’s GDP.,0.3021,0.651,53.15,0.6,0.499,,1,passages_retrieved,computed,computed,scored,
C005-B-regional_corpus,C005-B,C005,regional_corpus,supported,Barbados,Climate,Barbados’s 2021 NDC reports 35 electric buses in the government-owned transport fleet.,0.6577,0.8288,73.26,1.0,0.3712,,5,passages_retrieved,computed,computed,scored,
C005-B-source_ablation,C005-B,C005,source_ablation,supported,Barbados,Climate,Barbados’s 2021 NDC reports 35 electric buses in the government-owned transport fleet.,0.0,0.2,56.9,1.0,1.0,,0,empty_retrieval,degenerate,degenerate,scored,
C005-B-oracle_passage,C005-B,C005,oracle_passage,supported,Barbados,Climate,Barbados’s 2021 NDC reports 35 electric buses in the government-owned transport fleet.,0.5,0.75,69.39,1.0,0.45,,1,passages_retrieved,computed,computed,scored,
C029-B-regional_corpus,C029-B,C029,regional_corpus,supported,Saint Lucia,Environment,Saint Lucia’s government describes 17 fish species associated with the Mankòtè Mangrove in Pointe Sables.,0.5825,0.7913,64.0,0.6,0.5087,,5,passages_retrieved,computed,computed,scored,
C029-B-source_ablation,C029-B,C029,source_ablation,supported,Saint Lucia,Environment,Saint Lucia’s government describes 17 fish species associated with the Mankòtè Mangrove in Pointe Sables.,0.2098,0.6049,54.62,0.6,0.6951,,5,passages_retrieved,computed,computed,scored,
C029-B-oracle_passage,C029-B,C029,oracle_passage,supported,Saint Lucia,Environment,Saint Lucia’s government describes 17 fish species associated with the Mankòtè Mangrove in Pointe Sables.,0.4537,0.7268,60.77,0.6,0.5732,,1,passages_retrieved,computed,computed,scored,
C016-B-regional_corpus,C016-B,C016,regional_corpus,supported,Dominica,Disaster,Dominica’s disaster office lists 31 deaths and 37 missing for Hurricane Maria in 2017.,0.8354,0.9177,91.27,1.0,0.8623,,5,passages_retrieved,computed,computed,scored,
C016-B-source_ablation,C016-B,C016,source_ablation,supported,Dominica,Disaster,Dominica’s disaster office lists 31 deaths and 37 missing for Hurricane Maria in 2017.,0.2761,0.6381,71.17,1.0,0.8581,,2,passages_retrieved,computed,computed,scored,
C016-B-oracle_passage,C016-B,C016,oracle_passage,supported,Dominica,Disaster,Dominica’s disaster office lists 31 deaths and 37 missing for Hurricane Maria in 2017.,0.7186,0.8593,88.56,1.0,0.9207,,1,passages_retrieved,computed,computed,scored,
C014-A-regional_corpus,C014-A,C014,regional_corpus,refuted,Dominica,Environment,UNESCO describes Morne Trois Pitons as one of four live volcanic centres within the park.,0.4,0.7,75.5,0.95,0.9,,5,passages_retrieved,computed,computed,scored,
C014-A-source_ablation,C014-A,C014,source_ablation,refuted,Dominica,Environment,UNESCO describes Morne Trois Pitons as one of four live volcanic centres within the park.,0.0,0.2,40.27,0.95,0.4,,0,empty_retrieval,degenerate,degenerate,scored,
C014-A-oracle_passage,C014-A,C014,oracle_passage,refuted,Dominica,Environment,UNESCO describes Morne Trois Pitons as one of four live volcanic centres within the park.,0.4,0.7,75.5,0.95,0.9,,1,passages_retrieved,computed,computed,scored,
C013-A-regional_corpus,C013-A,C013,regional_corpus,supported,Dominica,Environment,UNESCO dates Morne Trois Pitons’ designation as Dominica’s first national park to 1975.,0.8928,0.9464,94.2,0.95,0.9536,,5,passages_retrieved,computed,computed,scored,
C013-A-source_ablation,C013-A,C013,source_ablation,supported,Dominica,Environment,UNESCO dates Morne Trois Pitons’ designation as Dominica’s first national park to 1975.,0.1661,0.5831,61.49,0.95,0.6831,,3,passages_retrieved,computed,computed,scored,
C013-A-oracle_passage,C013-A,C013,oracle_passage,supported,Dominica,Environment,UNESCO dates Morne Trois Pitons’ designation as Dominica’s first national park to 1975.,0.6197,0.8098,83.64,0.95,0.9098,,1,passages_retrieved,computed,computed,scored,
C005-A-regional_corpus,C005-A,C005,regional_corpus,refuted,Barbados,Climate,Barbados’s 2021 NDC reports 25 electric buses in the government-owned transport fleet.,0.3588,0.6794,74.02,0.95,0.9006,,5,passages_retrieved,computed,computed,scored,
C005-A-source_ablation,C005-A,C005,source_ablation,refuted,Barbados,Climate,Barbados’s 2021 NDC reports 25 electric buses in the government-owned transport fleet.,0.0,0.2,45.94,0.95,0.62,,0,empty_retrieval,degenerate,degenerate,scored,
C005-A-oracle_passage,C005-A,C005,oracle_passage,refuted,Barbados,Climate,Barbados’s 2021 NDC reports 25 electric buses in the government-owned transport fleet.,0.2412,0.6206,71.14,0.95,0.9594,,1,passages_retrieved,computed,computed,scored,
C010-B-regional_corpus,C010-B,C010,regional_corpus,refuted,Dominica,Disaster,The IMF put Hurricane Maria’s damage in Dominica at 126% of GDP in its 2018 consultation release.,0.388,0.694,66.82,0.6,0.914,,5,passages_retrieved,computed,computed,scored,
C010-B-source_ablation,C010-B,C010,source_ablation,refuted,Dominica,Disaster,The IMF put Hurricane Maria’s damage in Dominica at 126% of GDP in its 2018 consultation release.,0.2327,0.6163,59.05,0.6,0.8363,,5,passages_retrieved,computed,computed,scored,
C010-B-oracle_passage,C010-B,C010,oracle_passage,refuted,Dominica,Disaster,The IMF put Hurricane Maria’s damage in Dominica at 126% of GDP in its 2018 consultation release.,0.1138,0.2569,37.62,0.6,0.4769,,1,passages_retrieved,computed,computed,scored,
C021-B-regional_corpus,C021-B,C021,regional_corpus,refuted,Grenada,Environment,The Grenada Fund for Conservation dates its Woburn Bay mangrove restoration contracts to early 2011.,0.3316,0.6658,68.94,0.95,0.7342,,5,passages_retrieved,computed,computed,scored,
C021-B-source_ablation,C021-B,C021,source_ablation,refuted,Grenada,Environment,The Grenada Fund for Conservation dates its Woburn Bay mangrove restoration contracts to early 2011.,0.1737,0.5868,65.02,0.95,0.8132,,5,passages_retrieved,computed,computed,scored,
C021-B-oracle_passage,C021-B,C021,oracle_passage,refuted,Grenada,Environment,The Grenada Fund for Conservation dates its Woburn Bay mangrove restoration contracts to early 2011.,0.221,0.6105,66.2,0.95,0.7895,,1,passages_retrieved,computed,computed,scored,
C040-B-regional_corpus,C040-B,C040,regional_corpus,refuted,Trinidad and Tobago,Environment,The Institute of Marine Affairs reports 10.1% mean hard-coral cover at Angel Reef in its 2020 survey.,0.4464,0.7232,70.53,1.0,0.5768,,5,passages_retrieved,computed,computed,scored,
C040-B-source_ablation,C040-B,C040,source_ablation,refuted,Trinidad and Tobago,Environment,The Institute of Marine Affairs reports 10.1% mean hard-coral cover at Angel Reef in its 2020 survey.,0.1632,0.5816,63.51,1.0,0.7184,,1,passages_retrieved,computed,computed,scored,
C040-B-oracle_passage,C040-B,C040,oracle_passage,refuted,Trinidad and Tobago,Environment,The Institute of Marine Affairs reports 10.1% mean hard-coral cover at Angel Reef in its 2020 survey.,0.1488,0.2744,61.87,1.0,0.9744,,1,passages_retrieved,computed,computed,scored,
C003-B-regional_corpus,C003-B,C003,regional_corpus,supported,Barbados,Climate,Barbados’s 2021 NDC sets an unconditional 35% emissions reduction relative to BAU for 2030.,0.8354,0.9177,92.88,1.0,0.9323,,5,passages_retrieved,computed,computed,scored,
C003-B-source_ablation,C003-B,C003,source_ablation,supported,Barbados,Climate,Barbados’s 2021 NDC sets an unconditional 35% emissions reduction relative to BAU for 2030.,0.377,0.6885,74.39,1.0,0.8385,,5,passages_retrieved,computed,computed,scored,
C003-B-oracle_passage,C003-B,C003,oracle_passage,supported,Barbados,Climate,Barbados’s 2021 NDC sets an unconditional 35% emissions reduction relative to BAU for 2030.,0.7239,0.8619,90.31,1.0,0.9881,,1,passages_retrieved,computed,computed,scored,
C022-B-regional_corpus,C022-B,C022,regional_corpus,refuted,Grenada,Environment,"The Grenada Fund for Conservation describes the Woburn Bay mangrove restoration as a US$160,000 project.",0.3143,0.6572,69.74,1.0,0.7428,,5,passages_retrieved,computed,computed,scored,
C022-B-source_ablation,C022-B,C022,source_ablation,refuted,Grenada,Environment,"The Grenada Fund for Conservation describes the Woburn Bay mangrove restoration as a US$160,000 project.",0.1943,0.5972,66.78,1.0,0.8028,,4,passages_retrieved,computed,computed,scored,
C022-B-oracle_passage,C022-B,C022,oracle_passage,refuted,Grenada,Environment,"The Grenada Fund for Conservation describes the Woburn Bay mangrove restoration as a US$160,000 project.",0.1771,0.5886,66.35,1.0,0.8114,,1,passages_retrieved,computed,computed,scored,
C024-B-regional_corpus,C024-B,C024,regional_corpus,supported,Grenada,Disaster,The IMF estimated damage from Hurricane Ivan in Grenada at approximately EC$2.4 billion.,0.8898,0.9449,92.52,1.0,0.8351,,5,passages_retrieved,computed,computed,scored,
C024-B-source_ablation,C024-B,C024,source_ablation,supported,Grenada,Disaster,The IMF estimated damage from Hurricane Ivan in Grenada at approximately EC$2.4 billion.,0.3447,0.6724,74.52,1.0,0.8924,,2,passages_retrieved,computed,computed,scored,
C024-B-oracle_passage,C024-B,C024,oracle_passage,supported,Grenada,Disaster,The IMF estimated damage from Hurricane Ivan in Grenada at approximately EC$2.4 billion.,0.6119,0.8059,86.06,1.0,0.9741,,1,passages_retrieved,computed,computed,scored,
C002-A-regional_corpus,C002-A,C002,regional_corpus,supported,Barbados,Climate,Barbados’s 2021 NDC sets a conditional 35% emissions reduction relative to BAU for 2025.,0.8354,0.9177,76.36,1.0,0.2323,,5,passages_retrieved,computed,computed,scored,
C002-A-source_ablation,C002-A,C002,source_ablation,supported,Barbados,Climate,Barbados’s 2021 NDC sets a conditional 35% emissions reduction relative to BAU for 2025.,0.3345,0.6673,64.05,1.0,0.4827,,5,passages_retrieved,computed,computed,scored,
C002-A-oracle_passage,C002-A,C002,oracle_passage,supported,Barbados,Climate,Barbados’s 2021 NDC sets a conditional 35% emissions reduction relative to BAU for 2025.,0.7239,0.8619,73.65,1.0,0.2881,,1,passages_retrieved,computed,computed,scored,
C011-A-regional_corpus,C011-A,C011,regional_corpus,supported,Dominica,Environment,"UNESCO gives the extent of Morne Trois Pitons National Park as 6,857 hectares.",0.8194,0.9097,92.51,1.0,0.9403,,5,passages_retrieved,computed,computed,scored,
C011-A-source_ablation,C011-A,C011,source_ablation,supported,Dominica,Environment,"UNESCO gives the extent of Morne Trois Pitons National Park as 6,857 hectares.",0.0,0.2,40.27,1.0,0.35,,0,empty_retrieval,degenerate,degenerate,scored,
C011-A-oracle_passage,C011-A,C011,oracle_passage,supported,Dominica,Environment,"UNESCO gives the extent of Morne Trois Pitons National Park as 6,857 hectares.",0.6194,0.8097,85.99,1.0,0.9597,,1,passages_retrieved,computed,computed,scored,
C019-A-regional_corpus,C019-A,C019,regional_corpus,refuted,Grenada,Climate,"Grenada’s second NDC covers energy, tourism, waste and IPPU in its economy-wide target.",0.6777,0.8388,82.89,1.0,0.7412,,5,passages_retrieved,computed,computed,scored,
C019-A-source_ablation,C019-A,C019,source_ablation,refuted,Grenada,Climate,"Grenada’s second NDC covers energy, tourism, waste and IPPU in its economy-wide target.",0.3088,0.6544,74.02,1.0,0.9256,,5,passages_retrieved,computed,computed,scored,
C019-A-oracle_passage,C019-A,C019,oracle_passage,refuted,Grenada,Climate,"Grenada’s second NDC covers energy, tourism, waste and IPPU in its economy-wide target.",0.5553,0.7776,79.97,1.0,0.8024,,1,passages_retrieved,computed,computed,scored,
C037-A-regional_corpus,C037-A,C037,regional_corpus,supported,Trinidad and Tobago,Environment,The Trinidad biodiversity portal identifies a 324-hectare wildlife sanctuary within Caroni Swamp.,0.4471,0.7235,68.08,0.6,0.8765,,5,passages_retrieved,computed,computed,scored,
C037-A-source_ablation,C037-A,C037,source_ablation,supported,Trinidad and Tobago,Environment,The Trinidad biodiversity portal identifies a 324-hectare wildlife sanctuary within Caroni Swamp.,0.0,0.2,36.39,0.6,0.6,,0,empty_retrieval,degenerate,degenerate,scored,
C037-A-oracle_passage,C037-A,C037,oracle_passage,supported,Trinidad and Tobago,Environment,The Trinidad biodiversity portal identifies a 324-hectare wildlife sanctuary within Caroni Swamp.,0.4094,0.7047,67.15,0.6,0.8953,,1,passages_retrieved,computed,computed,scored,
C025-A-regional_corpus,C025-A,C025,regional_corpus,supported,Saint Lucia,Climate,Saint Lucia’s third NDC sets a 14.7% energy-sector emissions reduction target for 2030 relative to 2010.,0.8195,0.9098,85.54,1.0,0.6402,,5,passages_retrieved,computed,computed,scored,
C025-A-source_ablation,C025-A,C025,source_ablation,supported,Saint Lucia,Climate,Saint Lucia’s third NDC sets a 14.7% energy-sector emissions reduction target for 2030 relative to 2010.,0.2391,0.6196,71.58,1.0,0.9304,,5,passages_retrieved,computed,computed,scored,
C025-A-oracle_passage,C025-A,C025,oracle_passage,supported,Saint Lucia,Climate,Saint Lucia’s third NDC sets a 14.7% energy-sector emissions reduction target for 2030 relative to 2010.,0.7699,0.8849,84.37,1.0,0.6651,,1,passages_retrieved,computed,computed,scored,
C027-A-regional_corpus,C027-A,C027,regional_corpus,refuted,Saint Lucia,Climate,Saint Lucia’s third NDC pledges at least 25% energy-sector emissions reduction for 2035.,0.7803,0.8901,73.81,0.8,0.4099,,5,passages_retrieved,computed,computed,scored,
C027-A-source_ablation,C027-A,C027,source_ablation,refuted,Saint Lucia,Climate,Saint Lucia’s third NDC pledges at least 25% energy-sector emissions reduction for 2035.,0.2143,0.6072,59.78,0.8,0.6928,,5,passages_retrieved,computed,computed,scored,
C027-A-oracle_passage,C027-A,C027,oracle_passage,refuted,Saint Lucia,Climate,Saint Lucia’s third NDC pledges at least 25% energy-sector emissions reduction for 2035.,0.3322,0.6661,62.74,0.8,0.6339,,1,passages_retrieved,computed,computed,scored,
C015-B-regional_corpus,C015-B,C015,regional_corpus,refuted,Dominica,Disaster,Dominica’s disaster office lists Tropical Storm Erika’s 2015 losses as 60% of GDP.,0.3322,0.6661,75.85,1.0,0.9661,,5,passages_retrieved,computed,computed,scored,
C015-B-source_ablation,C015-B,C015,source_ablation,refuted,Dominica,Disaster,Dominica’s disaster office lists Tropical Storm Erika’s 2015 losses as 60% of GDP.,0.3268,0.6634,75.59,1.0,0.9634,,3,passages_retrieved,computed,computed,scored,
C015-B-oracle_passage,C015-B,C015,oracle_passage,refuted,Dominica,Disaster,Dominica’s disaster office lists Tropical Storm Erika’s 2015 losses as 60% of GDP.,0.2732,0.6366,72.98,1.0,0.9366,,1,passages_retrieved,computed,computed,scored,
C027-B-regional_corpus,C027-B,C027,regional_corpus,supported,Saint Lucia,Climate,Saint Lucia’s third NDC pledges at least 22% energy-sector emissions reduction for 2035.,0.7857,0.8928,78.78,1.0,0.4072,,5,passages_retrieved,computed,computed,scored,
C027-B-source_ablation,C027-B,C027,source_ablation,supported,Saint Lucia,Climate,Saint Lucia’s third NDC pledges at least 22% energy-sector emissions reduction for 2035.,0.2143,0.6072,64.79,1.0,0.6928,,5,passages_retrieved,computed,computed,scored,
C027-B-oracle_passage,C027-B,C027,oracle_passage,supported,Saint Lucia,Climate,Saint Lucia’s third NDC pledges at least 22% energy-sector emissions reduction for 2035.,0.7857,0.8928,78.78,1.0,0.4072,,1,passages_retrieved,computed,computed,scored,
C012-B-regional_corpus,C012-B,C012,regional_corpus,refuted,Dominica,Environment,UNESCO says Morne Trois Pitons National Park covers roughly 12% of Dominica’s land area.,0.4168,0.7084,76.32,1.0,0.8584,,5,passages_retrieved,computed,computed,scored,
C012-B-source_ablation,C012-B,C012,source_ablation,refuted,Dominica,Environment,UNESCO says Morne Trois Pitons National Park covers roughly 12% of Dominica’s land area.,0.142,0.271,47.58,1.0,0.421,,2,passages_retrieved,computed,computed,scored,
C012-B-oracle_passage,C012-B,C012,oracle_passage,refuted,Dominica,Environment,UNESCO says Morne Trois Pitons National Park covers roughly 12% of Dominica’s land area.,0.142,0.271,47.58,1.0,0.421,,1,passages_retrieved,computed,computed,scored,
C015-A-regional_corpus,C015-A,C015,regional_corpus,supported,Dominica,Disaster,Dominica’s disaster office lists Tropical Storm Erika’s 2015 losses as 90% of GDP.,0.7857,0.8928,78.78,0.85,0.5572,,5,passages_retrieved,computed,computed,scored,
C015-A-source_ablation,C015-A,C015,source_ablation,supported,Dominica,Disaster,Dominica’s disaster office lists Tropical Storm Erika’s 2015 losses as 90% of GDP.,0.3268,0.6634,67.58,0.85,0.7866,,2,passages_retrieved,computed,computed,scored,
C015-A-oracle_passage,C015-A,C015,oracle_passage,supported,Dominica,Disaster,Dominica’s disaster office lists Tropical Storm Erika’s 2015 losses as 90% of GDP.,0.7268,0.8634,77.36,0.85,0.5866,,1,passages_retrieved,computed,computed,scored,
C028-B-regional_corpus,C028-B,C028,regional_corpus,refuted,Saint Lucia,Climate,Saint Lucia’s third NDC sets 50% renewable-energy penetration for 2035.,0.2703,0.6351,57.41,0.65,0.6649,,5,passages_retrieved,computed,computed,scored,
C028-B-source_ablation,C028-B,C028,source_ablation,refuted,Saint Lucia,Climate,Saint Lucia’s third NDC sets 50% renewable-energy penetration for 2035.,0.2044,0.6022,55.75,0.65,0.6978,,5,passages_retrieved,computed,computed,scored,
C028-B-oracle_passage,C028-B,C028,oracle_passage,refuted,Saint Lucia,Climate,Saint Lucia’s third NDC sets 50% renewable-energy penetration for 2035.,0.2044,0.6022,55.75,0.65,0.6978,,1,passages_retrieved,computed,computed,scored,
C020-A-regional_corpus,C020-A,C020,regional_corpus,refuted,Grenada,Climate,Grenada’s second NDC removes F-gases from its coverage.,0.4839,0.7419,65.28,0.75,0.5581,,5,passages_retrieved,computed,computed,scored,
C020-A-source_ablation,C020-A,C020,source_ablation,refuted,Grenada,Climate,Grenada’s second NDC removes F-gases from its coverage.,0.2903,0.6452,60.44,0.75,0.6548,,5,passages_retrieved,computed,computed,scored,
C020-A-oracle_passage,C020-A,C020,oracle_passage,refuted,Grenada,Climate,Grenada’s second NDC removes F-gases from its coverage.,0.3871,0.6935,62.86,0.75,0.6065,,1,passages_retrieved,computed,computed,scored,
C023-A-regional_corpus,C023-A,C023,regional_corpus,refuted,Grenada,Environment,"The Woburn Bay project included replanting eight acres of damaged mangroves, according to its implementing organisation.",0.2081,0.604,68.35,1.0,0.846,,5,passages_retrieved,computed,computed,scored,
C023-A-source_ablation,C023-A,C023,source_ablation,refuted,Grenada,Environment,"The Woburn Bay project included replanting eight acres of damaged mangroves, according to its implementing organisation.",0.1113,0.2556,56.2,1.0,0.8056,,3,passages_retrieved,computed,computed,scored,
C023-A-oracle_passage,C023-A,C023,oracle_passage,refuted,Grenada,Environment,"The Woburn Bay project included replanting eight acres of damaged mangroves, according to its implementing organisation.",0.1016,0.2508,55.72,1.0,0.8008,,1,passages_retrieved,computed,computed,scored,
C024-A-regional_corpus,C024-A,C024,regional_corpus,refuted,Grenada,Disaster,The IMF estimated damage from Hurricane Ivan in Grenada at approximately EC$1.4 billion.,0.466,0.733,79.51,0.95,0.967,,5,passages_retrieved,computed,computed,scored,
C024-A-source_ablation,C024-A,C024,source_ablation,refuted,Grenada,Disaster,The IMF estimated damage from Hurricane Ivan in Grenada at approximately EC$1.4 billion.,0.3447,0.6724,75.25,0.95,0.9724,,2,passages_retrieved,computed,computed,scored,
C024-A-oracle_passage,C024-A,C024,oracle_passage,refuted,Grenada,Disaster,The IMF estimated damage from Hurricane Ivan in Grenada at approximately EC$1.4 billion.,0.2681,0.6341,71.51,0.95,0.9341,,1,passages_retrieved,computed,computed,scored,
C017-A-regional_corpus,C017-A,C017,regional_corpus,supported,Grenada,Climate,Grenada’s second NDC commits to reducing GHG emissions by 40% by 2030.,0.8064,0.9032,86.4,1.0,0.6968,,5,passages_retrieved,computed,computed,scored,
C017-A-source_ablation,C017-A,C017,source_ablation,supported,Grenada,Climate,Grenada’s second NDC commits to reducing GHG emissions by 40% by 2030.,0.3419,0.6709,75.31,1.0,0.9291,,5,passages_retrieved,computed,computed,scored,
C017-A-oracle_passage,C017-A,C017,oracle_passage,supported,Grenada,Climate,Grenada’s second NDC commits to reducing GHG emissions by 40% by 2030.,0.8064,0.9032,86.4,1.0,0.6968,,1,passages_retrieved,computed,computed,scored,
C036-B-regional_corpus,C036-B,C036,regional_corpus,supported,Trinidad and Tobago,Environment,"The Trinidad biodiversity portal describes Caroni Swamp as comprising 5,996.3 hectares of mangrove forest and herbaceous marsh.",0.8612,0.9306,90.02,1.0,0.7694,,5,passages_retrieved,computed,computed,scored,
C036-B-source_ablation,C036-B,C036,source_ablation,supported,Trinidad and Tobago,Environment,"The Trinidad biodiversity portal describes Caroni Swamp as comprising 5,996.3 hectares of mangrove forest and herbaceous marsh.",0.0,0.2,44.14,1.0,0.5,,0,empty_retrieval,degenerate,degenerate,scored,
C036-B-oracle_passage,C036-B,C036,oracle_passage,supported,Trinidad and Tobago,Environment,"The Trinidad biodiversity portal describes Caroni Swamp as comprising 5,996.3 hectares of mangrove forest and herbaceous marsh.",0.6021,0.8011,83.95,1.0,0.8989,,1,passages_retrieved,computed,computed,scored,
C025-B-regional_corpus,C025-B,C025,regional_corpus,refuted,Saint Lucia,Climate,Saint Lucia’s third NDC sets a 17.4% energy-sector emissions reduction target for 2030 relative to 2010.,0.3745,0.6872,74.26,1.0,0.8372,,5,passages_retrieved,computed,computed,scored,
C025-B-source_ablation,C025-B,C025,source_ablation,refuted,Saint Lucia,Climate,Saint Lucia’s third NDC sets a 17.4% energy-sector emissions reduction target for 2030 relative to 2010.,0.2391,0.6196,67.62,1.0,0.7696,,5,passages_retrieved,computed,computed,scored,
C025-B-oracle_passage,C025-B,C025,oracle_passage,refuted,Saint Lucia,Climate,Saint Lucia’s third NDC sets a 17.4% energy-sector emissions reduction target for 2030 relative to 2010.,0.3248,0.6624,71.84,1.0,0.8124,,1,passages_retrieved,computed,computed,scored,
C001-A-regional_corpus,C001-A,C001,regional_corpus,supported,Barbados,Climate,Barbados’s 2021 NDC sets an unconditional 20% emissions reduction relative to BAU for 2025.,0.8354,0.9177,75.15,1.0,0.1823,,5,passages_retrieved,computed,computed,scored,
C001-A-source_ablation,C001-A,C001,source_ablation,supported,Barbados,Climate,Barbados’s 2021 NDC sets an unconditional 20% emissions reduction relative to BAU for 2025.,0.3292,0.6646,62.66,1.0,0.4354,,5,passages_retrieved,computed,computed,scored,
C001-A-oracle_passage,C001-A,C001,oracle_passage,supported,Barbados,Climate,Barbados’s 2021 NDC sets an unconditional 20% emissions reduction relative to BAU for 2025.,0.7239,0.8619,72.43,1.0,0.2381,,1,passages_retrieved,computed,computed,scored,
C039-A-regional_corpus,C039-A,C039,regional_corpus,supported,Trinidad and Tobago,Environment,The Institute of Marine Affairs reports 19.9% mean hard-coral cover at Buccoo Outer in its 2020 survey.,0.8032,0.9016,81.6,1.0,0.4984,,5,passages_retrieved,computed,computed,scored,
C039-A-source_ablation,C039-A,C039,source_ablation,supported,Trinidad and Tobago,Environment,The Institute of Marine Affairs reports 19.9% mean hard-coral cover at Buccoo Outer in its 2020 survey.,0.0,0.2,51.82,1.0,0.8,,0,empty_retrieval,degenerate,degenerate,scored,
C039-A-oracle_passage,C039-A,C039,oracle_passage,supported,Trinidad and Tobago,Environment,The Institute of Marine Affairs reports 19.9% mean hard-coral cover at Buccoo Outer in its 2020 survey.,0.3968,0.6984,71.77,1.0,0.7016,,1,passages_retrieved,computed,computed,scored,
C009-A-regional_corpus,C009-A,C009,regional_corpus,supported,Dominica,Disaster,The IMF estimated Hurricane Maria’s damage in Dominica at US$1.3 billion in its 2018 consultation release.,0.8904,0.9452,89.53,1.0,0.7048,,5,passages_retrieved,computed,computed,scored,
C009-A-source_ablation,C009-A,C009,source_ablation,supported,Dominica,Disaster,The IMF estimated Hurricane Maria’s damage in Dominica at US$1.3 billion in its 2018 consultation release.,0.2296,0.6148,72.07,1.0,0.9648,,5,passages_retrieved,computed,computed,scored,
C009-A-oracle_passage,C009-A,C009,oracle_passage,supported,Dominica,Disaster,The IMF estimated Hurricane Maria’s damage in Dominica at US$1.3 billion in its 2018 consultation release.,0.4139,0.7069,78.26,1.0,0.9431,,1,passages_retrieved,computed,computed,scored,
C012-A-regional_corpus,C012-A,C012,regional_corpus,supported,Dominica,Environment,UNESCO says Morne Trois Pitons National Park covers roughly 9% of Dominica’s land area.,0.8168,0.9084,92.45,1.0,0.9416,,5,passages_retrieved,computed,computed,scored,
C012-A-source_ablation,C012-A,C012,source_ablation,supported,Dominica,Environment,UNESCO says Morne Trois Pitons National Park covers roughly 9% of Dominica’s land area.,0.142,0.271,47.58,1.0,0.421,,1,passages_retrieved,computed,computed,scored,
C012-A-oracle_passage,C012-A,C012,oracle_passage,supported,Dominica,Environment,UNESCO says Morne Trois Pitons National Park covers roughly 9% of Dominica’s land area.,0.5078,0.7539,80.7,1.0,0.9039,,1,passages_retrieved,computed,computed,scored,
C006-A-regional_corpus,C006-A,C006,regional_corpus,refuted,Barbados,Environment,The Barbados Fisheries Division describes the Folkestone reserve as extending 3.2 km along the west coast.,0.3097,0.6548,74.04,1.0,0.9252,,5,passages_retrieved,computed,computed,scored,
C006-A-source_ablation,C006-A,C006,source_ablation,refuted,Barbados,Environment,The Barbados Fisheries Division describes the Folkestone reserve as extending 3.2 km along the west coast.,0.1645,0.5822,70.48,1.0,0.9978,,4,passages_retrieved,computed,computed,scored,
C006-A-oracle_passage,C006-A,C006,oracle_passage,refuted,Barbados,Environment,The Barbados Fisheries Division describes the Folkestone reserve as extending 3.2 km along the west coast.,0.3097,0.6548,74.04,1.0,0.9252,,1,passages_retrieved,computed,computed,scored,
C038-A-regional_corpus,C038-A,C038,regional_corpus,refuted,Trinidad and Tobago,Environment,The Institute of Marine Affairs reports eight coral-reef monitoring sites across Tobago in its 2020 survey.,0.5532,0.7766,69.47,0.7,0.6734,,5,passages_retrieved,computed,computed,scored,
C038-A-source_ablation,C038-A,C038,source_ablation,refuted,Trinidad and Tobago,Environment,The Institute of Marine Affairs reports eight coral-reef monitoring sites across Tobago in its 2020 survey.,0.1645,0.5822,59.79,0.7,0.8678,,3,passages_retrieved,computed,computed,scored,
C038-A-oracle_passage,C038-A,C038,oracle_passage,refuted,Trinidad and Tobago,Environment,The Institute of Marine Affairs reports eight coral-reef monitoring sites across Tobago in its 2020 survey.,0.2516,0.6258,61.97,0.7,0.8242,,1,passages_retrieved,computed,computed,scored,
C004-A-regional_corpus,C004-A,C004,regional_corpus,supported,Barbados,Climate,Barbados’s 2021 NDC sets a conditional 70% emissions reduction relative to BAU for 2030.,0.8354,0.9177,75.63,1.0,0.2023,,5,passages_retrieved,computed,computed,scored,
C004-A-source_ablation,C004-A,C004,source_ablation,supported,Barbados,Climate,Barbados’s 2021 NDC sets a conditional 70% emissions reduction relative to BAU for 2030.,0.3345,0.6673,63.3,1.0,0.4527,,5,passages_retrieved,computed,computed,scored,
C004-A-oracle_passage,C004-A,C004,oracle_passage,supported,Barbados,Climate,Barbados’s 2021 NDC sets a conditional 70% emissions reduction relative to BAU for 2030.,0.7239,0.8619,72.92,1.0,0.2581,,1,passages_retrieved,computed,computed,scored,
C026-A-regional_corpus,C026-A,C026,regional_corpus,refuted,Saint Lucia,Climate,Saint Lucia’s third NDC sets 35% renewable-energy penetration for 2030.,0.3297,0.6648,73.3,1.0,0.8648,,5,passages_retrieved,computed,computed,scored,
C026-A-source_ablation,C026-A,C026,source_ablation,refuted,Saint Lucia,Climate,Saint Lucia’s third NDC sets 35% renewable-energy penetration for 2030.,0.1978,0.5989,66.81,1.0,0.7989,,5,passages_retrieved,computed,computed,scored,
C026-A-oracle_passage,C026-A,C026,oracle_passage,refuted,Saint Lucia,Climate,Saint Lucia’s third NDC sets 35% renewable-energy penetration for 2030.,0.1978,0.5989,66.81,1.0,0.7989,,1,passages_retrieved,computed,computed,scored,
C007-B-regional_corpus,C007-B,C007,regional_corpus,refuted,Barbados,Environment,Barbados’s Fisheries Division dates legislation establishing its first marine reserve to 1983.,0.3059,0.6529,70.76,1.0,0.7971,,5,passages_retrieved,computed,computed,scored,
C007-B-source_ablation,C007-B,C007,source_ablation,refuted,Barbados,Environment,Barbados’s Fisheries Division dates legislation establishing its first marine reserve to 1983.,0.2412,0.6206,69.17,1.0,0.8294,,5,passages_retrieved,computed,computed,scored,
C007-B-oracle_passage,C007-B,C007,oracle_passage,refuted,Barbados,Environment,Barbados’s Fisheries Division dates legislation establishing its first marine reserve to 1983.,0.2941,0.647,70.47,1.0,0.803,,1,passages_retrieved,computed,computed,scored,
C020-B-regional_corpus,C020-B,C020,regional_corpus,supported,Grenada,Climate,Grenada’s second NDC adds F-gases to its coverage.,0.8936,0.9468,75.35,0.6,0.5032,,5,passages_retrieved,computed,computed,scored,
C020-B-source_ablation,C020-B,C020,source_ablation,supported,Grenada,Climate,Grenada’s second NDC adds F-gases to its coverage.,0.6032,0.8016,68.23,0.6,0.6484,,5,passages_retrieved,computed,computed,scored,
C020-B-oracle_passage,C020-B,C020,oracle_passage,supported,Grenada,Climate,Grenada’s second NDC adds F-gases to its coverage.,0.7968,0.8984,72.99,0.6,0.5516,,1,passages_retrieved,computed,computed,scored,
C006-B-regional_corpus,C006-B,C006,regional_corpus,supported,Barbados,Environment,The Barbados Fisheries Division describes the Folkestone reserve as extending 2.2 km along the west coast.,0.6781,0.8391,85.74,1.0,0.8609,,5,passages_retrieved,computed,computed,scored,
C006-B-source_ablation,C006-B,C006,source_ablation,supported,Barbados,Environment,The Barbados Fisheries Division describes the Folkestone reserve as extending 2.2 km along the west coast.,0.1645,0.5822,67.63,1.0,0.8822,,4,passages_retrieved,computed,computed,scored,
C006-B-oracle_passage,C006-B,C006,oracle_passage,supported,Barbados,Environment,The Barbados Fisheries Division describes the Folkestone reserve as extending 2.2 km along the west coast.,0.6781,0.8391,85.74,1.0,0.8609,,1,passages_retrieved,computed,computed,scored,
C011-B-regional_corpus,C011-B,C011,regional_corpus,refuted,Dominica,Environment,"UNESCO gives the extent of Morne Trois Pitons National Park as 7,857 hectares.",0.367,0.6835,75.6,1.0,0.9035,,5,passages_retrieved,computed,computed,scored,
C011-B-source_ablation,C011-B,C011,source_ablation,refuted,Dominica,Environment,"UNESCO gives the extent of Morne Trois Pitons National Park as 7,857 hectares.",0.0,0.2,42.08,1.0,0.42,,0,empty_retrieval,degenerate,degenerate,scored,
C011-B-oracle_passage,C011-B,C011,oracle_passage,refuted,Dominica,Environment,"UNESCO gives the extent of Morne Trois Pitons National Park as 7,857 hectares.",0.3611,0.6805,75.31,1.0,0.9005,,1,passages_retrieved,computed,computed,scored,
C010-A-regional_corpus,C010-A,C010,regional_corpus,supported,Dominica,Disaster,The IMF put Hurricane Maria’s damage in Dominica at 226% of GDP in its 2018 consultation release.,0.8397,0.9199,85.54,0.75,0.8601,,5,passages_retrieved,computed,computed,scored,
C010-A-source_ablation,C010-A,C010,source_ablation,supported,Dominica,Disaster,The IMF put Hurricane Maria’s damage in Dominica at 226% of GDP in its 2018 consultation release.,0.2327,0.6163,62.82,0.75,0.8363,,5,passages_retrieved,computed,computed,scored,
C010-A-oracle_passage,C010-A,C010,oracle_passage,supported,Dominica,Disaster,The IMF put Hurricane Maria’s damage in Dominica at 226% of GDP in its 2018 consultation release.,0.3655,0.6827,69.41,0.75,0.9027,,1,passages_retrieved,computed,computed,scored,
C019-B-regional_corpus,C019-B,C019,regional_corpus,supported,Grenada,Climate,"Grenada’s second NDC covers energy, forestry, waste and IPPU in its economy-wide target.",0.9359,0.9679,82.37,1.0,0.3321,,5,passages_retrieved,computed,computed,scored,
C019-B-source_ablation,C019-B,C019,source_ablation,supported,Grenada,Climate,"Grenada’s second NDC covers energy, forestry, waste and IPPU in its economy-wide target.",0.3088,0.6544,67.14,1.0,0.6456,,5,passages_retrieved,computed,computed,scored,
C019-B-oracle_passage,C019-B,C019,oracle_passage,supported,Grenada,Climate,"Grenada’s second NDC covers energy, forestry, waste and IPPU in its economy-wide target.",0.8136,0.9068,79.45,1.0,0.3932,,1,passages_retrieved,computed,computed,scored,
C021-A-regional_corpus,C021-A,C021,regional_corpus,supported,Grenada,Environment,The Grenada Fund for Conservation dates its Woburn Bay mangrove restoration contracts to early 2009.,0.7842,0.8921,78.75,1.0,0.4079,,5,passages_retrieved,computed,computed,scored,
C021-A-source_ablation,C021-A,C021,source_ablation,supported,Grenada,Environment,The Grenada Fund for Conservation dates its Woburn Bay mangrove restoration contracts to early 2009.,0.1211,0.2606,60.49,1.0,0.9606,,2,passages_retrieved,computed,computed,scored,
C021-A-oracle_passage,C021-A,C021,oracle_passage,supported,Grenada,Environment,The Grenada Fund for Conservation dates its Woburn Bay mangrove restoration contracts to early 2009.,0.4737,0.7369,71.2,1.0,0.5631,,1,passages_retrieved,computed,computed,scored,
C016-A-regional_corpus,C016-A,C016,regional_corpus,refuted,Dominica,Disaster,Dominica’s disaster office lists 13 deaths and 37 missing for Hurricane Maria in 2017.,0.3823,0.6911,74.64,1.0,0.8411,,5,passages_retrieved,computed,computed,scored,
C016-A-source_ablation,C016-A,C016,source_ablation,refuted,Dominica,Disaster,Dominica’s disaster office lists 13 deaths and 37 missing for Hurricane Maria in 2017.,0.2761,0.6381,69.45,1.0,0.7881,,2,passages_retrieved,computed,computed,scored,
C016-A-oracle_passage,C016-A,C016,oracle_passage,refuted,Dominica,Disaster,Dominica’s disaster office lists 13 deaths and 37 missing for Hurricane Maria in 2017.,0.4655,0.7328,78.67,1.0,0.8828,,1,passages_retrieved,computed,computed,scored,
C001-B-regional_corpus,C001-B,C001,regional_corpus,refuted,Barbados,Climate,Barbados’s 2021 NDC sets an unconditional 25% emissions reduction relative to BAU for 2025.,0.3823,0.6911,68.95,1.0,0.6089,,5,passages_retrieved,computed,computed,scored,
C001-B-source_ablation,C001-B,C001,source_ablation,refuted,Barbados,Climate,Barbados’s 2021 NDC sets an unconditional 25% emissions reduction relative to BAU for 2025.,0.3292,0.6646,67.64,1.0,0.6354,,5,passages_retrieved,computed,computed,scored,
C001-B-oracle_passage,C001-B,C001,oracle_passage,refuted,Barbados,Climate,Barbados’s 2021 NDC sets an unconditional 25% emissions reduction relative to BAU for 2025.,0.2708,0.6354,66.19,1.0,0.6646,,1,passages_retrieved,computed,computed,scored,
C040-A-regional_corpus,C040-A,C040,regional_corpus,supported,Trinidad and Tobago,Environment,The Institute of Marine Affairs reports 20.1% mean hard-coral cover at Angel Reef in its 2020 survey.,0.8032,0.9016,79.2,1.0,0.3984,,5,passages_retrieved,computed,computed,scored,
C040-A-source_ablation,C040-A,C040,source_ablation,supported,Trinidad and Tobago,Environment,The Institute of Marine Affairs reports 20.1% mean hard-coral cover at Angel Reef in its 2020 survey.,0.1632,0.5816,63.51,1.0,0.7184,,1,passages_retrieved,computed,computed,scored,
C040-A-oracle_passage,C040-A,C040,oracle_passage,supported,Trinidad and Tobago,Environment,The Institute of Marine Affairs reports 20.1% mean hard-coral cover at Angel Reef in its 2020 survey.,0.3968,0.6984,69.31,1.0,0.6016,,1,passages_retrieved,computed,computed,scored,
C009-B-regional_corpus,C009-B,C009,regional_corpus,refuted,Dominica,Disaster,The IMF estimated Hurricane Maria’s damage in Dominica at US$1.8 billion in its 2018 consultation release.,0.4382,0.7191,77.64,1.0,0.8809,,5,passages_retrieved,computed,computed,scored,
C009-B-source_ablation,C009-B,C009,source_ablation,refuted,Dominica,Disaster,The IMF estimated Hurricane Maria’s damage in Dominica at US$1.8 billion in its 2018 consultation release.,0.2296,0.6148,72.57,1.0,0.9852,,5,passages_retrieved,computed,computed,scored,
C009-B-oracle_passage,C009-B,C009,oracle_passage,refuted,Dominica,Disaster,The IMF estimated Hurricane Maria’s damage in Dominica at US$1.8 billion in its 2018 consultation release.,0.1618,0.5809,69.97,1.0,0.9809,,1,passages_retrieved,computed,computed,scored,
C033-A-regional_corpus,C033-A,C033,regional_corpus,refuted,Trinidad and Tobago,Climate,Trinidad and Tobago’s second NDC conditionally targets 20% renewable power generation by 2030.,0.4393,0.7196,77.89,0.95,0.9396,,5,passages_retrieved,computed,computed,scored,
C033-A-source_ablation,C033-A,C033,source_ablation,refuted,Trinidad and Tobago,Climate,Trinidad and Tobago’s second NDC conditionally targets 20% renewable power generation by 2030.,0.2786,0.6393,70.06,0.95,0.8593,,5,passages_retrieved,computed,computed,scored,
C033-A-oracle_passage,C033-A,C033,oracle_passage,refuted,Trinidad and Tobago,Climate,Trinidad and Tobago’s second NDC conditionally targets 20% renewable power generation by 2030.,0.2786,0.6393,70.06,0.95,0.8593,,1,passages_retrieved,computed,computed,scored,
C004-B-regional_corpus,C004-B,C004,regional_corpus,refuted,Barbados,Climate,Barbados’s 2021 NDC sets a conditional 65% emissions reduction relative to BAU for 2030.,0.3823,0.6911,75.86,1.0,0.8911,,5,passages_retrieved,computed,computed,scored,
C004-B-source_ablation,C004-B,C004,source_ablation,refuted,Barbados,Climate,Barbados’s 2021 NDC sets a conditional 65% emissions reduction relative to BAU for 2030.,0.3345,0.6673,73.54,1.0,0.8673,,5,passages_retrieved,computed,computed,scored,
C004-B-oracle_passage,C004-B,C004,oracle_passage,refuted,Barbados,Climate,Barbados’s 2021 NDC sets a conditional 65% emissions reduction relative to BAU for 2030.,0.5108,0.7554,82.03,1.0,0.9554,,1,passages_retrieved,computed,computed,scored,
C038-B-regional_corpus,C038-B,C038,regional_corpus,supported,Trinidad and Tobago,Environment,The Institute of Marine Affairs reports ten coral-reef monitoring sites across Tobago in its 2020 survey.,0.85,0.925,70.62,0.6,0.375,,5,passages_retrieved,computed,computed,scored,
C038-B-source_ablation,C038-B,C038,source_ablation,supported,Trinidad and Tobago,Environment,The Institute of Marine Affairs reports ten coral-reef monitoring sites across Tobago in its 2020 survey.,0.1645,0.5822,53.46,0.6,0.7178,,3,passages_retrieved,computed,computed,scored,
C038-B-oracle_passage,C038-B,C038,oracle_passage,supported,Trinidad and Tobago,Environment,The Institute of Marine Affairs reports ten coral-reef monitoring sites across Tobago in its 2020 survey.,0.7,0.85,66.92,0.6,0.45,,1,passages_retrieved,computed,computed,scored,
C026-B-regional_corpus,C026-B,C026,regional_corpus,supported,Saint Lucia,Climate,Saint Lucia’s third NDC sets 40% renewable-energy penetration for 2030.,0.7297,0.8648,71.35,0.85,0.3352,,5,passages_retrieved,computed,computed,scored,
C026-B-source_ablation,C026-B,C026,source_ablation,supported,Saint Lucia,Climate,Saint Lucia’s third NDC sets 40% renewable-energy penetration for 2030.,0.1385,0.2692,56.61,0.85,0.9308,,5,passages_retrieved,computed,computed,scored,
C026-B-oracle_passage,C026-B,C026,oracle_passage,supported,Saint Lucia,Climate,Saint Lucia’s third NDC sets 40% renewable-energy penetration for 2030.,0.6638,0.8319,69.73,0.85,0.3681,,1,passages_retrieved,computed,computed,scored,
C017-B-regional_corpus,C017-B,C017,regional_corpus,refuted,Grenada,Climate,Grenada’s second NDC commits to reducing GHG emissions by 30% by 2030.,0.4219,0.7109,69.23,0.65,0.9109,,5,passages_retrieved,computed,computed,scored,
C017-B-source_ablation,C017-B,C017,source_ablation,refuted,Grenada,Climate,Grenada’s second NDC commits to reducing GHG emissions by 30% by 2030.,0.3419,0.6709,65.27,0.65,0.8709,,5,passages_retrieved,computed,computed,scored,
C017-B-oracle_passage,C017-B,C017,oracle_passage,refuted,Grenada,Climate,Grenada’s second NDC commits to reducing GHG emissions by 30% by 2030.,0.3419,0.6709,65.27,0.65,0.8709,,1,passages_retrieved,computed,computed,scored,
C002-B-regional_corpus,C002-B,C002,regional_corpus,refuted,Barbados,Climate,Barbados’s 2021 NDC sets a conditional 30% emissions reduction relative to BAU for 2025.,0.3823,0.6911,67.72,0.95,0.6089,,5,passages_retrieved,computed,computed,scored,
C002-B-source_ablation,C002-B,C002,source_ablation,refuted,Barbados,Climate,Barbados’s 2021 NDC sets a conditional 30% emissions reduction relative to BAU for 2025.,0.3345,0.6673,66.53,0.95,0.6327,,5,passages_retrieved,computed,computed,scored,
C002-B-oracle_passage,C002-B,C002,oracle_passage,refuted,Barbados,Climate,Barbados’s 2021 NDC sets a conditional 30% emissions reduction relative to BAU for 2025.,0.4708,0.7354,69.9,0.95,0.5646,,1,passages_retrieved,computed,computed,scored,
C039-B-regional_corpus,C039-B,C039,regional_corpus,refuted,Trinidad and Tobago,Environment,The Institute of Marine Affairs reports 29.9% mean hard-coral cover at Buccoo Outer in its 2020 survey.,0.4464,0.7232,68.07,0.75,0.7268,,5,passages_retrieved,computed,computed,scored,
C039-B-source_ablation,C039-B,C039,source_ablation,refuted,Trinidad and Tobago,Environment,The Institute of Marine Affairs reports 29.9% mean hard-coral cover at Buccoo Outer in its 2020 survey.,0.0,0.2,44.14,0.75,0.75,,0,empty_retrieval,degenerate,degenerate,scored,
C039-B-oracle_passage,C039-B,C039,oracle_passage,refuted,Trinidad and Tobago,Environment,The Institute of Marine Affairs reports 29.9% mean hard-coral cover at Buccoo Outer in its 2020 survey.,0.1488,0.2744,51.76,0.75,0.8244,,1,passages_retrieved,computed,computed,scored,
C033-B-regional_corpus,C033-B,C033,regional_corpus,supported,Trinidad and Tobago,Climate,Trinidad and Tobago’s second NDC conditionally targets 30% renewable power generation by 2030.,0.7993,0.8997,88.58,0.85,0.9503,,5,passages_retrieved,computed,computed,scored,
C033-B-source_ablation,C033-B,C033,source_ablation,supported,Trinidad and Tobago,Climate,Trinidad and Tobago’s second NDC conditionally targets 30% renewable power generation by 2030.,0.2786,0.6393,65.86,0.85,0.7893,,5,passages_retrieved,computed,computed,scored,
C033-B-oracle_passage,C033-B,C033,oracle_passage,supported,Trinidad and Tobago,Climate,Trinidad and Tobago’s second NDC conditionally targets 30% renewable power generation by 2030.,0.7322,0.8661,87.01,0.85,0.9839,,1,passages_retrieved,computed,computed,scored,
C022-A-regional_corpus,C022-A,C022,regional_corpus,supported,Grenada,Environment,"The Grenada Fund for Conservation describes the Woburn Bay mangrove restoration as a US$106,000 project.",0.7143,0.8572,81.38,1.0,0.6228,,4,passages_retrieved,computed,computed,scored,
C022-A-source_ablation,C022-A,C022,source_ablation,supported,Grenada,Environment,"The Grenada Fund for Conservation describes the Woburn Bay mangrove restoration as a US$106,000 project.",0.1943,0.5972,68.76,1.0,0.8828,,1,passages_retrieved,computed,computed,scored,
C022-A-oracle_passage,C022-A,C022,oracle_passage,supported,Grenada,Environment,"The Grenada Fund for Conservation describes the Woburn Bay mangrove restoration as a US$106,000 project.",0.3771,0.6885,73.24,1.0,0.7915,,1,passages_retrieved,computed,computed,scored,
C013-B-regional_corpus,C013-B,C013,regional_corpus,refuted,Dominica,Environment,UNESCO dates Morne Trois Pitons’ designation as Dominica’s first national park to 1985.,0.4393,0.7196,66.65,1.0,0.4304,,5,passages_retrieved,computed,computed,scored,
C013-B-source_ablation,C013-B,C013,source_ablation,refuted,Dominica,Environment,UNESCO dates Morne Trois Pitons’ designation as Dominica’s first national park to 1985.,0.0,0.2,55.63,1.0,0.95,,0,empty_retrieval,degenerate,degenerate,scored,
C013-B-oracle_passage,C013-B,C013,oracle_passage,refuted,Dominica,Environment,UNESCO dates Morne Trois Pitons’ designation as Dominica’s first national park to 1985.,0.1661,0.5831,59.83,1.0,0.5669,,1,passages_retrieved,computed,computed,scored,
C023-B-regional_corpus,C023-B,C023,regional_corpus,supported,Grenada,Environment,"The Woburn Bay project included replanting five acres of damaged mangroves, according to its implementing organisation.",0.6081,0.804,74.49,1.0,0.496,,5,passages_retrieved,computed,computed,scored,
C023-B-source_ablation,C023-B,C023,source_ablation,supported,Grenada,Environment,"The Woburn Bay project included replanting five acres of damaged mangroves, according to its implementing organisation.",0.1113,0.2556,59.99,1.0,0.9556,,3,passages_retrieved,computed,computed,scored,
C023-B-oracle_passage,C023-B,C023,oracle_passage,supported,Grenada,Environment,"The Woburn Bay project included replanting five acres of damaged mangroves, according to its implementing organisation.",0.5016,0.7508,71.89,1.0,0.5492,,1,passages_retrieved,computed,computed,scored,
C029-A-regional_corpus,C029-A,C029,regional_corpus,refuted,Saint Lucia,Environment,Saint Lucia’s government describes 27 fish species associated with the Mankòtè Mangrove in Pointe Sables.,0.2585,0.6293,60.14,0.65,0.7907,,5,passages_retrieved,computed,computed,scored,
C029-A-source_ablation,C029-A,C029,source_ablation,refuted,Saint Lucia,Environment,Saint Lucia’s government describes 27 fish species associated with the Mankòtè Mangrove in Pointe Sables.,0.2098,0.6049,58.91,0.65,0.8151,,5,passages_retrieved,computed,computed,scored,
C029-A-oracle_passage,C029-A,C029,oracle_passage,refuted,Saint Lucia,Environment,Saint Lucia’s government describes 27 fish species associated with the Mankòtè Mangrove in Pointe Sables.,0.2049,0.6024,58.79,0.65,0.8176,,1,passages_retrieved,computed,computed,scored,
C007-A-regional_corpus,C007-A,C007,regional_corpus,supported,Barbados,Environment,Barbados’s Fisheries Division dates legislation establishing its first marine reserve to 1981.,0.7647,0.8823,78.28,1.0,0.4177,,5,passages_retrieved,computed,computed,scored,
C007-A-source_ablation,C007-A,C007,source_ablation,supported,Barbados,Environment,Barbados’s Fisheries Division dates legislation establishing its first marine reserve to 1981.,0.2412,0.6206,65.46,1.0,0.6794,,5,passages_retrieved,computed,computed,scored,
C007-A-oracle_passage,C007-A,C007,oracle_passage,supported,Barbados,Environment,Barbados’s Fisheries Division dates legislation establishing its first marine reserve to 1981.,0.7529,0.8764,77.99,1.0,0.4236,,1,passages_retrieved,computed,computed,scored,
C014-B-regional_corpus,C014-B,C014,regional_corpus,supported,Dominica,Environment,UNESCO describes Morne Trois Pitons as one of five live volcanic centres within the park.,0.7288,0.8644,86.93,1.0,0.8356,,5,passages_retrieved,computed,computed,scored,
C014-B-source_ablation,C014-B,C014,source_ablation,supported,Dominica,Environment,UNESCO describes Morne Trois Pitons as one of five live volcanic centres within the park.,0.0,0.2,44.14,1.0,0.5,,0,empty_retrieval,degenerate,degenerate,scored,
C014-B-oracle_passage,C014-B,C014,oracle_passage,supported,Dominica,Environment,UNESCO describes Morne Trois Pitons as one of five live volcanic centres within the park.,0.7688,0.8844,87.87,1.0,0.8156,,1,passages_retrieved,computed,computed,scored,
C003-A-regional_corpus,C003-A,C003,regional_corpus,refuted,Barbados,Climate,Barbados’s 2021 NDC sets an unconditional 40% emissions reduction relative to BAU for 2030.,0.3823,0.6911,65.24,1.0,0.4589,,5,passages_retrieved,computed,computed,scored,
C003-A-source_ablation,C003-A,C003,source_ablation,refuted,Barbados,Climate,Barbados’s 2021 NDC sets an unconditional 40% emissions reduction relative to BAU for 2030.,0.3823,0.6911,65.24,1.0,0.4589,,5,passages_retrieved,computed,computed,scored,
C003-A-oracle_passage,C003-A,C003,oracle_passage,refuted,Barbados,Climate,Barbados’s 2021 NDC sets an unconditional 40% emissions reduction relative to BAU for 2030.,0.2708,0.6354,62.45,1.0,0.5146,,1,passages_retrieved,computed,computed,scored,
C018-B-regional_corpus,C018-B,C018,regional_corpus,refuted,Grenada,Climate,Grenada’s second NDC uses 2005 emissions levels as the reference for its 2030 target.,0.3692,0.6846,75.22,1.0,0.8846,,5,passages_retrieved,computed,computed,scored,
C018-B-source_ablation,C018-B,C018,source_ablation,refuted,Grenada,Climate,Grenada’s second NDC uses 2005 emissions levels as the reference for its 2030 target.,0.3635,0.6818,74.95,1.0,0.8818,,5,passages_retrieved,computed,computed,scored,
C018-B-oracle_passage,C018-B,C018,oracle_passage,refuted,Grenada,Climate,Grenada’s second NDC uses 2005 emissions levels as the reference for its 2030 target.,0.2423,0.6211,69.01,1.0,0.8211,,1,passages_retrieved,computed,computed,scored,
C036-A-regional_corpus,C036-A,C036,regional_corpus,refuted,Trinidad and Tobago,Environment,"The Trinidad biodiversity portal describes Caroni Swamp as comprising 6,996.3 hectares of mangrove forest and herbaceous marsh.",0.4164,0.7082,72.25,1.0,0.6918,,5,passages_retrieved,computed,computed,scored,
C036-A-source_ablation,C036-A,C036,source_ablation,refuted,Trinidad and Tobago,Environment,"The Trinidad biodiversity portal describes Caroni Swamp as comprising 6,996.3 hectares of mangrove forest and herbaceous marsh.",0.0,0.2,51.82,1.0,0.8,,0,empty_retrieval,degenerate,degenerate,scored,
C036-A-oracle_passage,C036-A,C036,oracle_passage,refuted,Trinidad and Tobago,Environment,"The Trinidad biodiversity portal describes Caroni Swamp as comprising 6,996.3 hectares of mangrove forest and herbaceous marsh.",0.2373,0.6186,67.84,1.0,0.7814,,1,passages_retrieved,computed,computed,scored,
